{
  "hash": "12cedc04",
  "configHash": "1a5a3dd7",
  "lockfileHash": "30906301",
  "browserHash": "02cce2b9",
  "optimized": {
    "@angular/common": {
      "src": "../../../../../../node_modules/@angular/common/fesm2022/common.mjs",
      "file": "@angular_common.js",
      "fileHash": "390d24d6",
      "needsInterop": false
    },
    "@angular/common/http": {
      "src": "../../../../../../node_modules/@angular/common/fesm2022/http.mjs",
      "file": "@angular_common_http.js",
      "fileHash": "17234d83",
      "needsInterop": false
    },
    "@angular/core": {
      "src": "../../../../../../node_modules/@angular/core/fesm2022/core.mjs",
      "file": "@angular_core.js",
      "fileHash": "e42f1a1b",
      "needsInterop": false
    },
    "@angular/forms": {
      "src": "../../../../../../node_modules/@angular/forms/fesm2022/forms.mjs",
      "file": "@angular_forms.js",
      "fileHash": "e3ed307e",
      "needsInterop": false
    },
    "@angular/platform-browser": {
      "src": "../../../../../../node_modules/@angular/platform-browser/fesm2022/platform-browser.mjs",
      "file": "@angular_platform-browser.js",
      "fileHash": "8c758f14",
      "needsInterop": false
    },
    "@angular/router": {
      "src": "../../../../../../node_modules/@angular/router/fesm2022/router.mjs",
      "file": "@angular_router.js",
      "fileHash": "1b73fa64",
      "needsInterop": false
    }
  },
  "chunks": {
    "chunk-KWA3PI36": {
      "file": "chunk-KWA3PI36.js"
    },
    "chunk-545PXTA6": {
      "file": "chunk-545PXTA6.js"
    },
    "chunk-ICNPL5LR": {
      "file": "chunk-ICNPL5LR.js"
    },
    "chunk-UTC3K43W": {
      "file": "chunk-UTC3K43W.js"
    }
  }
}